{
  "timestamp": "20251105_054109",
  "performance": {
    "auc": 0.9901072802802522,
    "eer": 0.04179075189126742,
    "eer_percentage": "4.18%",
    "threshold": 0.8046322464942932
  },
  "config": {
    "segment_length": 1024,
    "overlap": 0.5,
    "sampling_rate": 100,
    "filter_lowcut": 0.5,
    "filter_highcut": 8.0,
    "embedding_dim": 256,
    "batch_size": 16,
    "epochs": 100,
    "learning_rate": 5e-05,
    "patience": 20,
    "min_segments_per_subject": 3,
    "use_morphological_features": true
  },
  "subjects": [
    "001",
    "002",
    "003",
    "004",
    "005",
    "006",
    "007",
    "008",
    "009",
    "010",
    "011",
    "012",
    "013",
    "014",
    "015",
    "016",
    "017",
    "018",
    "019",
    "020",
    "021",
    "022",
    "023",
    "024",
    "025",
    "026",
    "027",
    "028",
    "029",
    "030",
    "031",
    "032",
    "033",
    "034",
    "035",
    "036",
    "037",
    "038",
    "039",
    "040",
    "041",
    "042",
    "043",
    "044",
    "045",
    "046",
    "047",
    "048",
    "049",
    "050",
    "051",
    "052",
    "053",
    "054",
    "055",
    "056"
  ],
  "num_subjects": 56,
  "model_architecture": "Siamese CNN with Triplet Loss",
  "morphological_features": true
}